peptide,source_peptide,source_sequence,protease,cleavage_after_pos,cleavage_after_pos_1idx,P1_residue,P1_prime_residue,rule,in_construct,construct_residue_idx,within_motif,adjacent_to_motif,motif_SASA_water,motif_SASA_reline,motif_SASA_glyceline,motif_dSASA_reline,motif_dSASA_pct_reline,motif_ES_reline,motif_dSASA_glyceline,motif_dSASA_pct_glyceline,motif_ES_glyceline,predicted_DES_enhancement,enhancement_mechanism
GGE,Peptide 6,NTDEEEGGEIVFGGVDPK,Chymotrypsin,11,12,F,G,Chymotrypsin (high): C-term to F12,True,8,False,False,0.45,0.92,0.894,0.47,104.3,36.9,0.444,98.6,30.6,Yes,Motif SASA increases +104% (reline) / +99% (glyceline) → scissile bond more solvent-exposed
GGE,Peptide 6,NTDEEEGGEIVFGGVDPK,Pepsin (pH 2),10,11,V,F,Pepsin: N-term to F12,True,7,False,False,0.45,0.92,0.894,0.47,104.3,36.9,0.444,98.6,30.6,Yes,Motif SASA increases +104% (reline) / +99% (glyceline) → scissile bond more solvent-exposed
GGE,Peptide 6,NTDEEEGGEIVFGGVDPK,Pepsin (pH 2),11,12,F,G,Pepsin: C-term to F12,True,8,False,False,0.45,0.92,0.894,0.47,104.3,36.9,0.444,98.6,30.6,Yes,Motif SASA increases +104% (reline) / +99% (glyceline) → scissile bond more solvent-exposed
CME,Peptide 5,LYQCMEFVR,Chymotrypsin,0,1,L,Y,Chymotrypsin (low): C-term to L1,True,0,False,False,0.434,1.246,1.492,0.812,187.1,50.4,1.058,243.6,54.1,Yes,Motif SASA increases +187% (reline) / +244% (glyceline) → scissile bond more solvent-exposed
CME,Peptide 5,LYQCMEFVR,Chymotrypsin,1,2,Y,Q,Chymotrypsin (high): C-term to Y2,True,1,False,False,0.434,1.246,1.492,0.812,187.1,50.4,1.058,243.6,54.1,Yes,Motif SASA increases +187% (reline) / +244% (glyceline) → scissile bond more solvent-exposed
CME,Peptide 5,LYQCMEFVR,Chymotrypsin,4,5,M,E,Chymotrypsin (low): C-term to M5,True,4,True,True,0.434,1.246,1.492,0.812,187.1,50.4,1.058,243.6,54.1,Yes,Motif SASA increases +187% (reline) / +244% (glyceline) → scissile bond more solvent-exposed
CME,Peptide 5,LYQCMEFVR,Chymotrypsin,6,7,F,V,Chymotrypsin (high): C-term to F7,True,6,False,True,0.434,1.246,1.492,0.812,187.1,50.4,1.058,243.6,54.1,Yes,Motif SASA increases +187% (reline) / +244% (glyceline) → scissile bond more solvent-exposed
CME,Peptide 5,LYQCMEFVR,Pepsin (pH 2),0,1,L,Y,Pepsin: C-term to L1,True,0,False,False,0.434,1.246,1.492,0.812,187.1,50.4,1.058,243.6,54.1,Yes,Motif SASA increases +187% (reline) / +244% (glyceline) → scissile bond more solvent-exposed
CME,Peptide 5,LYQCMEFVR,Pepsin (pH 2),1,2,Y,Q,Pepsin: C-term to Y2,True,1,False,False,0.434,1.246,1.492,0.812,187.1,50.4,1.058,243.6,54.1,Yes,Motif SASA increases +187% (reline) / +244% (glyceline) → scissile bond more solvent-exposed
CME,Peptide 5,LYQCMEFVR,Pepsin (pH 2),5,6,E,F,Pepsin: N-term to F7,True,5,True,True,0.434,1.246,1.492,0.812,187.1,50.4,1.058,243.6,54.1,Yes,Motif SASA increases +187% (reline) / +244% (glyceline) → scissile bond more solvent-exposed
CME,Peptide 5,LYQCMEFVR,Pepsin (pH 2),6,7,F,V,Pepsin: C-term to F7,True,6,False,True,0.434,1.246,1.492,0.812,187.1,50.4,1.058,243.6,54.1,Yes,Motif SASA increases +187% (reline) / +244% (glyceline) → scissile bond more solvent-exposed
YIY,Peptide 83,NPYIYK,Chymotrypsin,2,3,Y,I,Chymotrypsin (high): C-term to Y3,True,2,True,True,0.593,1.304,1.963,0.711,119.8,37.9,1.37,230.8,59.1,Yes,Motif SASA increases +120% (reline) / +231% (glyceline) → scissile bond more solvent-exposed
YIY,Peptide 83,NPYIYK,Chymotrypsin,4,5,Y,K,Chymotrypsin (high): C-term to Y5,True,4,True,True,0.593,1.304,1.963,0.711,119.8,37.9,1.37,230.8,59.1,Yes,Motif SASA increases +120% (reline) / +231% (glyceline) → scissile bond more solvent-exposed
YIY,Peptide 83,NPYIYK,Pepsin (pH 2),1,2,P,Y,Pepsin: N-term to Y3,True,1,False,True,0.593,1.304,1.963,0.711,119.8,37.9,1.37,230.8,59.1,Yes,Motif SASA increases +120% (reline) / +231% (glyceline) → scissile bond more solvent-exposed
YIY,Peptide 83,NPYIYK,Pepsin (pH 2),2,3,Y,I,Pepsin: C-term to Y3,True,2,True,True,0.593,1.304,1.963,0.711,119.8,37.9,1.37,230.8,59.1,Yes,Motif SASA increases +120% (reline) / +231% (glyceline) → scissile bond more solvent-exposed
YIY,Peptide 83,NPYIYK,Pepsin (pH 2),3,4,I,Y,Pepsin: N-term to Y5,True,3,True,True,0.593,1.304,1.963,0.711,119.8,37.9,1.37,230.8,59.1,Yes,Motif SASA increases +120% (reline) / +231% (glyceline) → scissile bond more solvent-exposed
YIY,Peptide 83,NPYIYK,Pepsin (pH 2),4,5,Y,K,Pepsin: C-term to Y5,True,4,True,True,0.593,1.304,1.963,0.711,119.8,37.9,1.37,230.8,59.1,Yes,Motif SASA increases +120% (reline) / +231% (glyceline) → scissile bond more solvent-exposed
