system,n_atoms,n_peptide_atoms,peptide_contiguous,ACE_cap,NME_cap,total_charge_e,peptide_charge_e,peptide_formal_charge,box_x_A,box_y_A,box_z_A,volume_nm3,mass_density_g_cm3,peptide_max_extent_A,min_solute_image_sep_A,half_box_A,extent_lt_half_box,min_initial_contact_A,n_water,n_chloride,n_choline,n_urea,n_glycerol,n_sodium,choline_q_mean,chloride_q_mean,water_number_density_nm-3,protonation,n_runs
GGE_reline,2867,141,True,True,True,-4.0261,-4.0,-4,30.53,30.53,30.53,28.47,1.0406,20.85,9.68,15.27,False,1.5,744,13,13,26,0,0,0.8,-0.8,26.13,"ACE0: ACE (uncharacterised) | GLU1: Glu, deprotonated (charged) | GLU2: Glu, deprotonated (charged) | GLU3: Glu, deprotonated (charged) | GLY4: GLY (uncharacterised) | GLY5: GLY (uncharacterised) | GLU6: Glu, deprotonated (charged) | ILE7: ILE (uncharacterised) | VAL8: VAL (uncharacterised) | PHE9: PHE (uncharacterised) | NME10: NME (uncharacterised)",3
GGE_glyceline,2894,141,True,True,True,-4.0201,-4.0,-4,30.6,30.6,30.6,28.66,1.0329,17.7,12.9,15.3,False,1.56,751,10,10,0,20,0,0.8,-0.8,26.21,"ACE0: ACE (uncharacterised) | GLU1: Glu, deprotonated (charged) | GLU2: Glu, deprotonated (charged) | GLU3: Glu, deprotonated (charged) | GLY4: GLY (uncharacterised) | GLY5: GLY (uncharacterised) | GLU6: Glu, deprotonated (charged) | ILE7: ILE (uncharacterised) | VAL8: VAL (uncharacterised) | PHE9: PHE (uncharacterised) | NME10: NME (uncharacterised)",4
GGE_water,2838,141,True,True,True,-4.0,-4.0,-4,30.64,30.64,30.64,28.76,0.9962,21.03,9.61,15.32,False,1.59,899,0,0,0,0,0,,,31.26,"ACE0: ACE (uncharacterised) | GLU1: Glu, deprotonated (charged) | GLU2: Glu, deprotonated (charged) | GLU3: Glu, deprotonated (charged) | GLY4: GLY (uncharacterised) | GLY5: GLY (uncharacterised) | GLU6: Glu, deprotonated (charged) | ILE7: ILE (uncharacterised) | VAL8: VAL (uncharacterised) | PHE9: PHE (uncharacterised) | NME10: NME (uncharacterised)",4
CME_reline,2898,172,True,True,True,-0.0261,-0.0,0,30.64,30.64,30.64,28.78,1.04,21.38,9.26,15.32,False,1.68,744,13,13,26,0,0,0.8,-0.8,25.85,"ACE0: ACE (uncharacterised) | LEU1: LEU (uncharacterised) | TYR2: Tyr, neutral | GLN3: GLN (uncharacterised) | CYS4: Cys, thiol (neutral) | MET5: MET (uncharacterised) | GLU6: Glu, deprotonated (charged) | PHE7: PHE (uncharacterised) | VAL8: VAL (uncharacterised) | ARG9: Arg, protonated (charged) | NME10: NME (uncharacterised)",4
CME_glyceline,2925,172,True,True,True,-0.0201,-0.0,0,30.66,30.66,30.66,28.82,1.0378,18.02,12.64,15.33,False,1.64,751,10,10,0,20,0,0.8,-0.8,26.06,"ACE0: ACE (uncharacterised) | LEU1: LEU (uncharacterised) | TYR2: Tyr, neutral | GLN3: GLN (uncharacterised) | CYS4: Cys, thiol (neutral) | MET5: MET (uncharacterised) | GLU6: Glu, deprotonated (charged) | PHE7: PHE (uncharacterised) | VAL8: VAL (uncharacterised) | ARG9: Arg, protonated (charged) | NME10: NME (uncharacterised)",4
CME_water,2869,172,True,True,True,-0.0,-0.0,0,30.77,30.77,30.77,29.14,0.9939,20.14,10.63,15.39,False,1.62,899,0,0,0,0,0,,,30.85,"ACE0: ACE (uncharacterised) | LEU1: LEU (uncharacterised) | TYR2: Tyr, neutral | GLN3: GLN (uncharacterised) | CYS4: Cys, thiol (neutral) | MET5: MET (uncharacterised) | GLU6: Glu, deprotonated (charged) | PHE7: PHE (uncharacterised) | VAL8: VAL (uncharacterised) | ARG9: Arg, protonated (charged) | NME10: NME (uncharacterised)",4
YIY_reline,2849,123,True,True,True,0.9739,1.0,1,30.64,30.64,30.64,28.77,1.0176,21.07,9.57,15.32,False,1.68,744,13,13,26,0,0,0.8,-0.8,25.86,"ACE0: ACE (uncharacterised) | ASN1: ASN (uncharacterised) | PRO2: PRO (uncharacterised) | TYR3: Tyr, neutral | ILE4: ILE (uncharacterised) | TYR5: Tyr, neutral | LYS6: Lys, protonated (charged) | NME7: NME (uncharacterised)",4
YIY_glyceline,2876,123,True,True,True,0.9799,1.0,1,30.69,30.69,30.69,28.9,1.0124,18.9,11.79,15.34,False,1.49,751,10,10,0,20,0,0.8,-0.8,25.98,"ACE0: ACE (uncharacterised) | ASN1: ASN (uncharacterised) | PRO2: PRO (uncharacterised) | TYR3: Tyr, neutral | ILE4: ILE (uncharacterised) | TYR5: Tyr, neutral | LYS6: Lys, protonated (charged) | NME7: NME (uncharacterised)",4
YIY_water,2820,123,True,True,True,1.0,1.0,1,30.44,30.44,30.44,28.22,1.0032,16.98,13.46,15.22,False,1.69,899,0,0,0,0,0,,,31.86,"ACE0: ACE (uncharacterised) | ASN1: ASN (uncharacterised) | PRO2: PRO (uncharacterised) | TYR3: Tyr, neutral | ILE4: ILE (uncharacterised) | TYR5: Tyr, neutral | LYS6: Lys, protonated (charged) | NME7: NME (uncharacterised)",4
