system,peptide,solvent,residue,residue_idx,SASA_mean_nm2,SASA_CI95_lo,SASA_CI95_hi,water_coord_mean,water_coord_CI95_lo,water_coord_CI95_hi,Hbond_median_ps,Hbond_IQR_lo_ps,Hbond_IQR_hi_ps,Hbond_n_events,CHO_coord_mean,CHO_coord_CI95_lo,CHO_coord_CI95_hi,CLA_coord_mean,CLA_coord_CI95_lo,CLA_coord_CI95_hi,URE_coord_mean,URE_coord_CI95_lo,URE_coord_CI95_hi,GOL_coord_mean,GOL_coord_CI95_lo,GOL_coord_CI95_hi
CME_glyceline,CME,glyceline,CME_total,-1,1.49193,1.46725,1.51741,5.113,5.0763,5.1472,2.0,1.0,4.0,1356.0,0.0149,0.0123,0.0173,0.0001,0.0,0.0003,,,,0.0828,0.0771,0.0888
CME_glyceline,CME,glyceline,CYS4,4,0.57463,0.56404,0.58611,,,,,,,,,,,,,,,,,,,
CME_glyceline,CME,glyceline,MET5,5,0.40571,0.39789,0.41402,,,,,,,,,,,,,,,,,,,
CME_glyceline,CME,glyceline,GLU6,6,0.5116,0.49994,0.52369,,,,,,,,,,,,,,,,,,,
CME_reline,CME,reline,CME_total,-1,1.24645,1.22691,1.26611,4.7242,4.6928,4.7563,2.0,1.0,5.5,711.0,0.0047,0.0033,0.0062,0.0007,0.0002,0.0012,0.3771,0.364,0.3913,,,
CME_reline,CME,reline,CYS4,4,0.50359,0.49317,0.51368,,,,,,,,,,,,,,,,,,,
CME_reline,CME,reline,MET5,5,0.46283,0.4535,0.47218,,,,,,,,,,,,,,,,,,,
CME_reline,CME,reline,GLU6,6,0.28002,0.27376,0.28701,,,,,,,,,,,,,,,,,,,
CME_water,CME,water,CME_total,-1,0.43416,0.42266,0.44601,5.8858,5.8589,5.915,2.0,1.0,4.0,2432.0,,,,,,,,,,,,
CME_water,CME,water,CYS4,4,0.02579,0.02445,0.02713,,,,,,,,,,,,,,,,,,,
CME_water,CME,water,MET5,5,0.22843,0.22013,0.23617,,,,,,,,,,,,,,,,,,,
CME_water,CME,water,GLU6,6,0.17994,0.17388,0.18627,,,,,,,,,,,,,,,,,,,
GGE_glyceline,GGE,glyceline,GGE_total,-1,0.89446,0.87729,0.91238,5.4561,5.4239,5.4867,2.0,1.0,4.0,1682.0,0.0264,0.023,0.0298,0.0006,0.0001,0.0011,,,,0.0861,0.0798,0.0924
GGE_glyceline,GGE,glyceline,GLY4,4,0.2604,0.25587,0.26496,,,,,,,,,,,,,,,,,,,
GGE_glyceline,GGE,glyceline,GLY5,5,0.2491,0.24331,0.25503,,,,,,,,,,,,,,,,,,,
GGE_glyceline,GGE,glyceline,GLU6,6,0.38496,0.37436,0.39603,,,,,,,,,,,,,,,,,,,
GGE_reline,GGE,reline,GGE_total,-1,0.92022,0.90546,0.93448,5.6807,5.6456,5.7169,2.0,1.0,5.0,1168.0,0.0264,0.0231,0.0299,0.0,0.0,0.0,0.3437,0.3312,0.3564,,,
GGE_reline,GGE,reline,GLY4,4,0.22529,0.22025,0.22996,,,,,,,,,,,,,,,,,,,
GGE_reline,GGE,reline,GLY5,5,0.21815,0.21374,0.2223,,,,,,,,,,,,,,,,,,,
GGE_reline,GGE,reline,GLU6,6,0.47678,0.46634,0.48659,,,,,,,,,,,,,,,,,,,
GGE_water,GGE,water,GGE_total,-1,0.45046,0.43995,0.46131,7.158,7.1283,7.1862,3.0,1.0,8.0,2260.0,,,,,,,,,,,,
GGE_water,GGE,water,GLY4,4,0.14691,0.14248,0.1517,,,,,,,,,,,,,,,,,,,
GGE_water,GGE,water,GLY5,5,0.12397,0.11945,0.12866,,,,,,,,,,,,,,,,,,,
GGE_water,GGE,water,GLU6,6,0.17958,0.17422,0.1851,,,,,,,,,,,,,,,,,,,
YIY_glyceline,YIY,glyceline,YIY_total,-1,1.96327,1.93459,1.99249,4.7004,4.6749,4.7268,,,,0.0,0.0072,0.0056,0.009,0.0003,0.0,0.0008,,,,0.1303,0.123,0.1382
YIY_glyceline,YIY,glyceline,TYR3,3,0.72643,0.71328,0.7399,,,,,,,,,,,,,,,,,,,
YIY_glyceline,YIY,glyceline,ILE4,4,0.36782,0.35965,0.37627,,,,,,,,,,,,,,,,,,,
YIY_glyceline,YIY,glyceline,TYR5,5,0.86901,0.8533,0.88424,,,,,,,,,,,,,,,,,,,
YIY_reline,YIY,reline,YIY_total,-1,1.30424,1.28337,1.32648,4.3632,4.3324,4.3937,2.0,1.0,6.0,1433.0,0.0189,0.0161,0.0218,0.0,0.0,0.0,0.3191,0.3069,0.3317,,,
YIY_reline,YIY,reline,TYR3,3,0.44506,0.43596,0.45361,,,,,,,,,,,,,,,,,,,
YIY_reline,YIY,reline,ILE4,4,0.33936,0.33058,0.34802,,,,,,,,,,,,,,,,,,,
YIY_reline,YIY,reline,TYR5,5,0.51982,0.50679,0.5324,,,,,,,,,,,,,,,,,,,
YIY_water,YIY,water,YIY_total,-1,0.59346,0.57829,0.6091,5.475,5.4508,5.5009,,,,0.0,,,,,,,,,,,,
YIY_water,YIY,water,TYR3,3,0.15205,0.14485,0.15875,,,,,,,,,,,,,,,,,,,
YIY_water,YIY,water,ILE4,4,0.18367,0.17771,0.18927,,,,,,,,,,,,,,,,,,,
YIY_water,YIY,water,TYR5,5,0.25774,0.24874,0.26672,,,,,,,,,,,,,,,,,,,
